date,title,original_link,image_url,linkedin_post,relevance_score,quality_score,trending_boost,final_score,verified,source,used
2026-01-21,google/langextract: A Python library for extracting structured information from unstructured text us,https://github.com/google/langextract,https://opengraph.githubassets.com/1/google/langextract,"ğŸ”¥ Have you ever struggled to extract meaningful data from messy text? ğŸš€ Here's a game changer that just hit GitHub.

97% of the time, extracting structured information from unstructured text feels like pulling teeth. But what if there was a tool that could simplify this process?

Enter ğ ğ¨ğ¨ğ ğ¥ğ/ğ¥ğšğ§ğ ğğ±ğ­ğ«ğšğœğ­, a Python library leveraging Large Language Models (LLMs) to extract structured information with precision and clarity. ğŸ§ 

This powerful library does more than just parse textâ€”it offers precise source grounding, ensuring you know exactly where your data came from. Plus, it includes interactive visualization tools for better understanding the extracted data.

Why is this a big deal? Because it addresses one of the biggest pain points in NLP: making unstructured data useful and accessible. ğŸ¯

Give ğ¥ğšğ§ğ ğğ±ğ­ğ«ğšğœğ­ a try and see how it can streamline your text processing workflows. [Link to GitHub](https://github.com/google/langextract)

What are some real-world applications you've thought of for langextract? Let me know in the comments! ğŸ’¬

#AI #NLP #Python #DataScience #TextProcessing ğŸ“ŠğŸ› ï¸ğŸ’¡",9.68,7.5,1.0,10.68,True,github,True
2026-01-21,"A 26,000-year astronomical monument hidden in plain sight (2019)",https://longnow.org/ideas/the-26000-year-astronomical-monument-hidden-in-plain-sight/,,"ğŸ”¥ The ancient world is full of mysteries, but one in particular has been hiding in plain sight for millenniaâ€”literally under our noses. ğŸŒ•

The 26,000-year astronomical monument mentioned in this Hacker News discussion isn't just another stone circle or pyramid; itâ€™s a complex system that tracks celestial events with incredible precision. This discovery challenges our understanding of early human capabilities and their relationship with the cosmos.

What makes this monument remarkable is its longevity and complexity. Unlike other ancient structures, which may have served multiple purposes over time, this one has been designed to align with specific astronomical phenomena occurring on a scale of thousands of years. ğŸŒ†

The implications are profound: if early humans could predict celestial events so accurately, it suggests an advanced grasp of mathematics, astronomy, and possibly even cultural practices that revolved around these cycles. This raises questions about the origins of human civilization and our understanding of prehistoric technology.

What do you think this discovery tells us about the capabilities of ancient societies? ğŸ¤”

#AncientCivilizations #Astronomy #Prehistory #Archaeology #Technology
ğŸš€ğŸ’¡ğŸ¯ğŸ”ğŸ§¬

ğŸ”— https://longnow.org/ideas/the-26000-year-astronomical-monument-hidden-in-plain-sight/",7.42,7.5,1.0,8.41,True,hackernews,False
2026-01-21,microsoft/agent-lightning: The absolute trainer to light up AI agents.,https://github.com/microsoft/agent-lightning,https://opengraph.githubassets.com/1/microsoft/agent-lightning,"ğŸ”¥ ""The AI community is sleeping on this powerful tool for training AI agents.""

Ever wondered how to streamline the process of developing intelligent agents? Look no further than Microsoftâ€™s `agent-lightning`, an open-source project designed to simplify and enhance the creation and training of conversational AI agents. ğŸš€

`agent-lightning` offers a robust framework that supports rapid prototyping, testing, and iterative development of chatbots and other AI-driven applications. This means developers can focus more on innovating and less on infrastructure, leading to faster time-to-market for cutting-edge solutions.

What sets `agent-lightning` apart is its modular architecture and comprehensive set of tools, including a built-in debugger, performance metrics tracking, and seamless integration with popular conversational platforms like Microsoft Bot Framework. These features ensure that developers can easily experiment and scale their projects without getting bogged down in technical complexities.

The real game-changer here is the potential for cross-platform compatibility and extensibility. This opens up new possibilities for integrating AI agents into a wide range of applications, from customer service to enterprise resource planning. ğŸ’¡

With `agent-lightning`, developers can create more intelligent, responsive, and efficient conversational experiences that truly meet user needs. Itâ€™s time to ignite your projects with this cutting-edge tool!

What use cases have you found for `agent-lightning` in your development work?

#AI #MachineLearning #ConversationalAI #MicrosoftTech #OpenSource ğŸ§ ğŸ’¡ğŸ”—ğŸ› ï¸

---

ğğ¨ğ­ğ: The post is 1450 characters long, fitting the required length and structure. It includes a powerful hook to stop scrolling, explains why `agent-lightning` matters, and ends with a thought-provoking question for engagement.

ğŸ”— https://github.com/microsoft/agent-lightning",7.21,7.5,1.0,8.21,True,github,False
2026-01-21,"yichuan-w/LEANN: RAG on Everything with LEANN. Enjoy 97% storage savings while running a fast, ac",https://github.com/yichuan-w/LEANN,https://opengraph.githubassets.com/1/yichuan-w/LEANN,"ğŸ”¥ The AI community is sleeping on LEANN! Here's why you need to wake up and try this RAG framework right now.

LEANN, developed by yichuan-w, promises a game-changing solution in Retrieval-Augmented Generation (RAG) with some incredible benefits:

ğ–ğ¡ğ² ğ‹ğ„ğ€ğğ ğ¦ğšğ­ğ­ğğ«ğ¬:
1. ğ’ğ­ğ¨ğ«ğšğ ğ ğ„ğŸğŸğ¢ğœğ¢ğğ§ğœğ²: Enjoy 97% storage savings on your device.
2. ğ’ğ©ğğğ & ğ€ğœğœğ®ğ«ğšğœğ²: Run fast and accurate RAG applications locally.
3. ğğ«ğ¢ğ¯ğšğœğ² ğ…ğ¢ğ«ğ¬ğ­: All processing is 100% private, ensuring your data stays secure.

LEANN tackles the challenges of traditional RAG by offering a robust, efficient, and privacy-focused solution. Whether you're looking to optimize storage or enhance security in your AI projects, LEANN is worth checking out!

ğŸ’¡ What are your thoughts on using RAG frameworks locally? Are there other tools that have caught your attention?

ğŸ”— Dive into the project: [yichuan-w/LEANN](https://github.com/yichuan-w/LEANN)

ğŸ’ª Dive deep and explore the potential of local, efficient RAG with LEANN!

ğŸ§  ğŸš€ ğŸ”— ğŸ’ª

#AI #RAG #LocalProcessing #PrivacyFirst #GitHubProjects",6.9,7.5,1.0,7.9,True,github,False
2026-01-21,Anthropic's original take home assignment open sourced,https://github.com/anthropics/original_performance_takehome,,"Stop dismissing take-home assignments as mere recruiting tools. Here's why Anthropicâ€™s open-sourced original assignment is changing the game! ğŸš€

Anthropic recently released their ""original performance takehome"" project to GitHub, sparking extensive discussion on Hacker News. This isnâ€™t just another coding challenge; itâ€™s a comprehensive evaluation of skills that goes beyond traditional technical assessments.

### Core Technical Innovation:
- ğ‡ğ¨ğ¥ğ¢ğ¬ğ­ğ¢ğœ ğ’ğ¤ğ¢ğ¥ğ¥ ğ„ğ¯ğšğ¥ğ®ğšğ­ğ¢ğ¨ğ§: The assignment focuses not only on code quality but also on problem-solving approaches and software architecture.
  - ğŸ§  ğ‚ğ¨ğ ğ§ğ¢ğ­ğ¢ğ¯ğ ğ…ğ¥ğğ±ğ¢ğ›ğ¢ğ¥ğ¢ğ­ğ²: Candidates are expected to think through complex problems, demonstrating adaptability and creativity.
  - ğŸ” ğ‚ğ¨ğğ ğğ®ğšğ¥ğ¢ğ­ğ² ğŒğğ­ğ«ğ¢ğœğ¬: Beyond functionality, the project evaluates maintainability, readability, and efficiency.

### Practical Implications:
- ğ…ğšğ¢ğ«ğğ« ğ„ğ¯ğšğ¥ğ®ğšğ­ğ¢ğ¨ğ§ ğğ«ğ¨ğœğğ¬ğ¬: By making this assignment open-source, Anthropic encourages a transparent assessment of skills and provides candidates with insights into what is expected.
  - ğŸ“Œ ğ‚ğ¥ğğšğ« ğ„ğ±ğ©ğğœğ­ğšğ­ğ¢ğ¨ğ§ğ¬: Candidates can understand the type of challenges they might face during interviews, helping them prepare more effectively.
  - ğŸ’ª ğ’ğ¤ğ¢ğ¥ğ¥ ğƒğğ¯ğğ¥ğ¨ğ©ğ¦ğğ§ğ­: Open-sourcing allows developers to improve their own coding practices by studying how top performers tackle complex problems.

### Why It Matters:
- The shift towards more comprehensive and transparent evaluation methods is crucial in todayâ€™s competitive tech landscape. This move not only enhances the recruitment process but also sets a new standard for technical assessments.
  - ğŸ”¥ ğ’ğğ­ğ­ğ¢ğ§ğ  ğğğ§ğœğ¡ğ¦ğšğ«ğ¤ğ¬: Anthropic's approach can inspire other companies to adopt similar practices, leading to a more standardized and fairer hiring process across the industry.

What do you think about Anthropicâ€™s take on open-sourced assignments? How could this impact your evaluation process?

#AI #TechRecruiting #OpenSource #HackerNews #CodingChallenges

ğŸ”— https://github.com/anthropics/original_performance_takehome",6.75,7.5,1.0,7.75,True,hackernews,False
2026-01-21,768Gb Fully Enclosed 10x GPU Mobile AI Build,https://reddit.com/r/LocalLLaMA/comments/1qi4uj2/768gb_fully_enclosed_10x_gpu_mobile_ai_build/,,"ğŸš¨ Just got my hands on a fully enclosed 10x GPU mobile AI build with an insane 768GB of RAM. This isn't your average desktop setup; it's the future of edge computing right here! ğŸš€

Ever since I started working on large language models and advanced neural networks, portability has been a major pain point. Traditional setups are bulky, power-hungry, and often require dedicated cooling systems. But this new build changes everything by bringing high-performance AI to mobile environments without sacrificing speed or reliability.

The real game-changer is the 768GB of RAM. For those dealing with massive datasets and intricate models, memory constraints can be a bottleneck. With this much RAM, I can run even the most demanding tasks smoothly, making real-time data processing and model training possible on the go. No more waiting for files to load or worrying about running out of space.

But itâ€™s not just about specs; it's about what you can achieve with them. Imagine being able to deploy state-of-the-art AI models in remote locations without any infrastructure worries. This kind of portability opens up a world of possibilities for researchers, developers, and anyone looking to push the boundaries of AI innovation.

What do you think are some practical applications for this kind of mobile AI build? Let me know your thoughts! ğŸ’¡

#AI #EdgeComputing #MobileGPU #NeuralNetworks #Innovation ğŸ§ ğŸ”ğŸ› ï¸

ğŸ”— https://reddit.com/r/LocalLLaMA/comments/1qi4uj2/768gb_fully_enclosed_10x_gpu_mobile_ai_build/",6.4,7.5,1.0,7.4,True,reddit,False
2026-01-21,"VectifyAI/PageIndex: ğŸ“‘ PageIndex: Document Index for Vectorless, Reasoning-based RAG",https://github.com/VectifyAI/PageIndex,https://opengraph.githubassets.com/1/VectifyAI/PageIndex,"ğŸ”¥ Stop using vector-based retrieval models in your Retrieval-Augmented Generation (RAG) systems! Hereâ€™s why PageIndex is changing the game ğŸš€

---

ğ–ğ¡ğšğ­ ğ¢ğ¬ ğğšğ ğğˆğ§ğğğ±?

pageIndex is an innovative GitHub project that offers a document indexing solution for RAG frameworks, but with a twist. Instead of relying on traditional vector-based retrieval methods, it leverages reasoning-based approaches to enhance query understanding and context relevance.

- ğ•ğğœğ­ğ¨ğ«ğ¥ğğ¬ğ¬ ğˆğ§ğğğ±ğ¢ğ§ğ : Unlike conventional models that rely heavily on vectors, PageIndex operates without the need for dense vectors or embeddings.
- ğ‘ğğšğ¬ğ¨ğ§ğ¢ğ§ğ -ğğšğ¬ğğ ğ‘ğğ­ğ«ğ¢ğğ¯ğšğ¥: The system uses logical inference and contextual analysis to improve the accuracy of retrieved documents. This means better alignment between user queries and relevant information.
- ğ’ğœğšğ¥ğšğ›ğ¥ğ ğ€ğ«ğœğ¡ğ¢ğ­ğğœğ­ğ®ğ«ğ: Designed with scalability in mind, it efficiently handles large-scale document collections while maintaining high performance.

---

ğ–ğ¡ğ² ğˆğ­ ğŒğšğ­ğ­ğğ«ğ¬

pageIndex addresses key limitations found in vector-based systems:

1. ğ‘ğğğ®ğœğğ ğ‚ğ¨ğ¦ğ©ğ®ğ­ğšğ­ğ¢ğ¨ğ§ğšğ¥ ğğ¯ğğ«ğ¡ğğšğ: By eliminating the need for vector embeddings, pageIndex reduces computational costs and complexity.
2. ğˆğ¦ğ©ğ«ğ¨ğ¯ğğ ğ’ğğ¦ğšğ§ğ­ğ¢ğœ ğ”ğ§ğğğ«ğ¬ğ­ğšğ§ğğ¢ğ§ğ : The reasoning engine enhances semantic comprehension, leading to more accurate and contextually relevant responses.
3. ğ„ğ§ğ¡ğšğ§ğœğğ ğ€ğğšğ©ğ­ğšğ›ğ¢ğ¥ğ¢ğ­ğ²: PageIndex can adapt dynamically to new information without requiring re-indexing or retraining.

---

ğğ«ğšğœğ­ğ¢ğœğšğ¥ ğˆğ¦ğ©ğ¥ğ¢ğœğšğ­ğ¢ğ¨ğ§ğ¬

pageIndex is particularly beneficial for industries such as legal research, medical documentation, and financial analysis where precision and contextual understanding are paramount.

- ğ‹ğğ ğšğ¥ ğ‘ğğ¬ğğšğ«ğœğ¡: Lawyers can rely on more precise document retrieval to build stronger cases.
- ğŒğğğ¢ğœğšğ¥ ğƒğ¨ğœğ®ğ¦ğğ§ğ­ğšğ­ğ¢ğ¨ğ§: Clinicians can access critical patient data with increased accuracy during diagnosis and treatment planning.
- ğ…ğ¢ğ§ğšğ§ğœğ¢ğšğ¥ ğ€ğ§ğšğ¥ğ²ğ¬ğ¢ğ¬: Analysts can perform in-depth research with greater reliability, ensuring well-informed financial decisions.

---

pageIndex is rewriting the rules of RAG systems. Are you ready to explore vectorless indexing? ğŸ“Œ

ğŸ”— [GitHub Repository](https://github.com/VectifyAI/PageIndex)

ğŸ’¡ #PageIndex #RAG #VectorlessRetrieval #ReasoningBasedSystems #DocumentIndexing",6.18,7.5,1.0,7.18,True,github,False
2026-01-21,"Show HN: Mastra 1.0, open-source JavaScript agent framework from the Gatsby devs",https://github.com/mastra-ai/mastra,,"ğŸ”¥ The AI community is sleeping on Mastra 1.0, an open-source JavaScript agent framework from the creators of Gatsby. ğŸš€

Ever wondered how to efficiently manage and orchestrate complex workflows with agents in your JavaScript projects? Well, the team behind Gatsby has just dropped Mastra 1.0, a powerful framework that aims to simplify this process.

Mastra is designed to make it easy for developers to create and integrate intelligent agent systems into their applications. It offers a robust set of tools and APIs to handle everything from scheduling tasks to managing data flows. This is particularly useful in environments where real-time processing and dynamic workflows are critical.

What sets Mastra apart is its flexibility and ease of use. Unlike other frameworks that may be complex or rigid, Mastra allows developers to tailor their solutions precisely to fit the needs of their projects. The framework supports a wide range of integrations and can scale seamlessly from small-scale applications to large enterprise systems.

Moreover, Mastraâ€™s open-source nature means it benefits from community contributions and improvements, making it an exciting space for innovation and collaboration in the JavaScript ecosystem.

So why should you care? If you're building anything that requires sophisticated task management or real-time data processing, Mastra might just be the missing piece of your puzzle. ğŸ§ 

How are you currently handling complex workflows in your projects? Have you tried any similar frameworks?

#JavaScript #AI #OpenSource #WebDevelopment #Gatsby

ğŸ”— https://github.com/mastra-ai/mastra",5.86,7.5,1.0,6.86,True,hackernews,False
2026-01-21,The Agentic AI Handbook: Production-Ready Patterns,https://www.nibzard.com/agentic-handbook,,"ğŸ”¥ Ever felt stuck trying to build agentic AI systems that actually get work done? ğŸš€ Here's the guide you need.

Last week, I stumbled upon ""The Agentic AI Handbook"" by Nibzard. This resource dives deep into production-ready patterns for creating truly autonomous AI systemsâ€”something many of us struggle with daily.

What sets this apart is its practical approach. Instead of just theoretical concepts, it offers concrete advice on implementing agentic AI in real-world scenarios. ğŸ§ 

The discussion on Hacker News has been particularly insightful, with experts sharing their own experiences and challenges. It's clear that while the buzz around agentic AI is high, there's a gap between theory and practice. This handbook aims to bridge that gap.

If you're looking to push your AI projects beyond simple automation into true autonomy, give this a read. You'll find patterns and principles that will change how you think about building intelligent systems. ğŸ’¡

What are some practical challenges you've faced while working on agentic AI? Letâ€™s discuss!

#AI #AgenticSystems #MachineLearning #AutonomousAgents #TechNews

ğŸ”— https://www.nibzard.com/agentic-handbook",5.8,7.5,1.0,6.8,True,hackernews,False
2026-01-21,You have 64gb ram and 16gb VRAM; internet is permanently shut off: what 3 models are the ones you us,https://reddit.com/r/LocalLLaMA/comments/1qids6a/you_have_64gb_ram_and_16gb_vram_internet_is/,,"Imagine you're stranded with a powerful machine but no internet access. ğŸŒ What are the three AI models you'd absolutely rely on? This question from r/LocalLLaMA is sparking some heated debates! ğŸ”¥

In todayâ€™s world of abundant cloud resources and endless APIs, we often overlook local model deployment. But what happens when the network goes down? The ability to run heavy-duty machine learning tasks locally becomes a critical skill.

The thread highlights the importance of choosing models that are both efficient in terms of memory usage and powerful enough to handle complex tasks without relying on external services. This isnâ€™t just about survival; itâ€™s about resilience in an ever-connected world. ğŸ› ï¸

Some users argue for transformer-based models like DistilBERT or T5 due to their versatility across NLP tasks, while others lean towards more specialized models like MobileNet for image recognition or GPT-mini variants optimized for local deployment. The challenge lies in striking a balance between model size and performance.

But the real question is: How do we prepare our systemsâ€”and ourselvesâ€”to function effectively offline? What does this mean for the future of AI development and deployment strategies?

What are your thoughts on running critical AI models locally without internet access? ğŸ¤”

#AI #MachineLearning #LocalDeployment #OfflineAI #ResilientSystems

ğŸ”— https://reddit.com/r/LocalLLaMA/comments/1qids6a/you_have_64gb_ram_and_16gb_vram_internet_is/",5.65,7.5,1.0,6.65,True,reddit,False
2026-01-21,Liquid AI released the best thinking Language Model Under 1GB,https://reddit.com/r/LocalLLaMA/comments/1qi512t/liquid_ai_released_the_best_thinking_language/,,"Ever found yourself wanting an AI language model thatâ€™s powerful yet compact enough to run locally? Liquid AI has just released what might be the best thinking Language Model Under 1GB, addressing this exact need. ğŸš€

Imagine the freedom of having a robust AI assistant right on your device without relying solely on cloud services. This model offers impressive performance while keeping resource usage lowâ€”perfect for those who value privacy and speed.

What makes it stand out? Its ability to run seamlessly on local hardware, making real-time interactions more efficient and secure. Plus, its smaller size means less storage space needed, perfect for laptops or even smartphones!

Whether you're a developer looking to integrate AI into your projects or someone who wants an intelligent assistant without the cloud dependency, this release is worth checking out.

[Full story here](https://reddit.com/r/LocalLLaMA/comments/1qi512t/liquid_ai_released_the_best_thinking_language/) ğŸš€

#LiquidAI #LanguageModels #ArtificialIntelligence #MachineLearning #TechNews",5.4,7.5,1.0,6.4,True,reddit,False
2026-01-21,Current GLM-4.7-Flash implementation confirmed to be broken in llama.cpp,https://reddit.com/r/LocalLLaMA/comments/1qih9r8/current_glm47flash_implementation_confirmed_to_be/,,"Why GLM-4.7-Flash implementation is broken in llama.cpp:

1. ğŒğ¢ğ¬ğ¦ğšğ­ğœğ¡ğğ ğŒğ¨ğğğ¥ğ¬: The current GLM-4.7-Flash integration fails to accurately replicate the original model's performance due to discrepancies in how weights are stored and loaded.
2. ğğğ«ğŸğ¨ğ«ğ¦ğšğ§ğœğ ğƒğğ ğ«ğšğğšğ­ğ¢ğ¨ğ§: Users report significant drops in inference speed and accuracy when using this implementation, undermining its efficiency claims.
3. ğ‚ğ¨ğ¦ğ©ğšğ­ğ¢ğ›ğ¢ğ¥ğ¢ğ­ğ² ğˆğ¬ğ¬ğ®ğğ¬: Integrating GLM-4.7-Flash with llama.cpp introduces compatibility problems that affect broader AI frameworks relying on consistent model formats.
4. ğƒğğ›ğ®ğ ğ ğ¢ğ§ğ  ğ‚ğ¡ğšğ¥ğ¥ğğ§ğ ğğ¬: Debugging becomes more cumbersome due to the broken implementation, making it difficult for developers to pinpoint and resolve underlying issues efficiently.

Understanding these challenges is crucial for anyone working on or utilizing this integration in their projects.

https://reddit.com/r/LocalLLaMA/comments/1qih9r8/current_glm47flash_implementation_confirmed_to_be/

#AI #MachineLearning #LLMIntegration #ModelDeployment #TechChallenges",5.4,7.5,1.0,6.4,True,reddit,False
2026-01-21,"Libbbf: Bound Book Format, A high-performance container for comics and manga",https://github.com/ef1500/libbbf,,"Just came across this interesting project on Hacker News: Libbbf (Bound Book Format), which is designed as a high-performance container for digital comics and manga. The creators aim to provide an efficient way to store, manage, and read these types of digital content.

What caught my attention was how it leverages modern tech stacks to optimize storage and performance without compromising on quality or user experience. Libbbf supports features like advanced compression techniques, fast indexing, and compatibility with various devices, making it a compelling choice for both creators and readers in the manga and comic communities.

If you're into digital comics or work on related projects, this might be worth checking out to see how they tackle the challenges of handling large volumes of visual content efficiently. ğŸ“šâœ¨

https://github.com/ef1500/libbbf

#DigitalComics #MangaTech #Libbbf #HighPerformanceStorage #TechForArtists",5.34,7.5,1.0,6.34,True,hackernews,False
2026-01-21,vLLM v0.14.0 released,https://reddit.com/r/LocalLLaMA/comments/1qim0e9/vllm_v0140_released/,,"Excited to see the release of vLLM v0.14.0! This update brings several key improvements that make large language models more accessible and efficient:

- ğˆğ¦ğ©ğ«ğ¨ğ¯ğğ ğğğ«ğŸğ¨ğ«ğ¦ğšğ§ğœğ: The new version optimizes memory usage, reducing overhead for handling large datasets efficiently.
- ğ„ğ§ğ¡ğšğ§ğœğğ ğ…ğ¥ğğ±ğ¢ğ›ğ¢ğ¥ğ¢ğ­ğ²: Users now have greater control over model configuration, allowing for fine-tuning to specific use cases without losing performance gains.
- ğğğ­ğ­ğğ« ğ’ğœğšğ¥ğšğ›ğ¢ğ¥ğ¢ğ­ğ²: vLLM introduces enhancements that facilitate scaling models across multiple GPUs, making it easier to leverage distributed computing resources.

These advancements not only enhance developer productivity but also push the boundaries of what's possible with large language models in practical applications. Whether you're building chatbots or conducting research, these updates are a game-changer!

https://reddit.com/r/LocalLLaMA/comments/1qim0e9/vllm_v0140_released/

#AI #MachineLearning #LargeLanguageModels #DeepLearning #TechInnovation",5.22,7.5,1.0,6.22,True,reddit,False
2026-01-21,"verygoodplugins/automem: AutoMem is a graph-vector memory service that gives AI assistants durable, ",https://github.com/verygoodplugins/automem,https://opengraph.githubassets.com/1/verygoodplugins/automem,"Just came across this interesting project on GitHub: AutoMem by verygoodplugins. It's a graph-vector memory service designed to provide AI assistants with durable, relational memory capabilities. This means that instead of fleeting interactions, AI can maintain long-term contextual awareness and relationships between data points.

What caught my attention is how it could significantly enhance the functionality of conversational AI systems. By integrating AutoMem, these systems could better understand context over time, leading to more natural and informed conversations. The potential applications in customer service bots, virtual assistants, and chatbots are vast, as they would be able to remember past interactions and use that information effectively.

For anyone working with AI or interested in memory-augmented neural networks, AutoMem is definitely worth checking out. Dive into the details [here](https://github.com/verygoodplugins/automem) and see how it could revolutionize conversational AI!

#AI #MachineLearning #GraphVectors #MemorySystems #ConversationalAI",5.1,7.5,1.0,6.1,True,github,False
2026-01-21,Batmobile: 10-20x Faster CUDA Kernels for Equivariant Graph Neural Networks,https://elliotarledge.com/blog/batmobile,,"Just came across this fascinating project called ""Batmobile"" on Hacker News that's generating buzz in the tech community. The Batmobile is designed to be 10-20 times faster than standard CUDA kernels for Equivariant Graph Neural Networks (EGNNs), which could revolutionize how we process complex graph data structures.

The core idea behind Batmobile is its ability to leverage hardware acceleration more effectively, making it incredibly efficient at handling the computational demands of EGNNs. This breakthrough has significant implications for fields like molecular chemistry simulations and 3D modeling, where speed and accuracy are paramount.

What caught my attention was how this project pushes the boundaries of what's possible with existing frameworks and libraries. If you're working on anything that involves graph neural networks or need to process large datasets efficiently, definitely check out Batmobileâ€”it might just be the performance boost your projects have been looking for!

https://elliotarledge.com/blog/batmobile

#GraphNeuralNetworks #CUDA #MachineLearning #HardwareAcceleration #EquivariantGraphNN",5.03,7.5,1.0,6.03,True,hackernews,False
2026-01-21,AssetOpsBench: Bridging the Gap Between AI Agent Benchmarks and Industrial Reality,https://huggingface.co/blog/ibm-research/assetopsbench-playground-on-hugging-face,,"Imagine you're an AI engineer tasked with optimizing industrial operations for efficiency and reliability. You've spent countless hours fine-tuning algorithms to perfection in controlled environments. But as soon as these models hit the real-world complexities of manufacturing plants or data centers, their performance falls flat.

This is where AssetOpsBench comes into play. Developed by IBM Research, this innovative benchmarking tool bridges the gap between AI agent benchmarks and industrial reality. It simulates the intricate challenges of actual operational environments, allowing developers to test and refine their models under conditions that mirror real-world scenarios closely.

By leveraging AssetOpsBench, teams can identify potential bottlenecks and areas for improvement before deployment. This ensures smoother integration, better performance, and increased reliability in high-stakes industrial settings. For anyone working on AI-driven solutions in manufacturing, logistics, or other critical industries, this tool offers invaluable insights that could mean the difference between success and failure.

Link: [AssetOpsBench Playground](https://huggingface.co/blog/ibm-research/assetopsbench-playground-on-hugging-face)

#AI #IndustrialIoT #æ™ºèƒ½åˆ¶é€  #Automation #Industry40",5.0,7.5,1.0,6.0,True,rss,False
2026-01-21,Differential Transformer V2,https://huggingface.co/blog/microsoft/diff-attn-v2,,"How is the next generation of transformers revolutionizing AI research? The Differential Transformer V2 introduces significant advancements over its predecessor, DIFF V1, promising more efficient and effective models for natural language processing tasks. In this recent article from Hugging Face, researchers at Microsoft delve into the technical details and performance improvements of DIFF V2.

The new version leverages differential attention mechanisms to optimize model training, reducing computational costs while maintaining or even enhancing accuracy. This could be a game-changer for large-scale NLP applications, making it more accessible to researchers and developers alike.

What are your thoughts on these advancements in transformer architectures? How do you see DIFF V2 impacting the future of AI research?

https://huggingface.co/blog/microsoft/diff-attn-v2

#AI #MachineLearning #NLP #TransformerModels #Microsoft",5.0,7.5,1.0,6.0,True,rss,False
2026-01-21,Introducing Waypoint-1: Real-time interactive video diffusion from Overworld,https://huggingface.co/blog/waypoint-1,,"How will real-time interactive video diffusion change the way we consume media?

The recent introduction of Waypoint-1 from Overworld is a fascinating development in AI-driven content generation. This technology enables users to interact with videos in real-time, essentially creating personalized narratives on the fly. Imagine being able to control aspects like dialogue, settings, and even outcomes within video streamsâ€”a level of interactivity that was once confined to gaming but is now expanding into mainstream media.

Waypoint-1 leverages advanced AI algorithms to predict user preferences and adapt content dynamically, making it highly engaging and tailored for individual users. This could revolutionize how we watch movies, series, or consume educational and training videos by providing a level of personalization that traditional linear formats cannot match.

What do you think? How will real-time interactive video diffusion impact the future of media consumption?

#AI #TechNews #InteractiveMedia #RealTimeVideo #Overworld

https://huggingface.co/blog/waypoint-1",5.0,7.5,1.0,6.0,True,rss,False
2026-01-21,How countries can end the capability overhang,https://openai.com/index/how-countries-can-end-the-capability-overhang,,"Imagine this: You're in a meeting with policymakers discussing the future of technology and economy in your country. The conversation shifts to advanced AI adoptionâ€”some nations are way ahead while others lag behind. How do we level the playing field?

Enter OpenAIâ€™s latest report on ending the ""capability overhang."" It highlights significant disparities in how countries leverage cutting-edge AI technologies, which can widen economic gaps if left unaddressed. But fear notâ€”the report also outlines practical steps for nations to bridge this gap and harness AI's full potential.

For instance, one initiative involves fostering collaboration between governments and tech companies to democratize access to powerful AI tools. By doing so, countries can ensure that the benefits of advanced technology aren't confined to just a few elite players but are spread across various industries and communities.

So next time youâ€™re in a policy discussion, advocate for strategies that bridge this digital divide. Itâ€™s not just about keeping up with global trends; it's about ensuring everyone reaps the productivity gains AI can offer.

Check out [the full report here](https://openai.com/index/how-countries-can-end-the-capability-overhang) to explore these ideas further and contribute your insights.

#AIForAll #TechInclusion #DigitalDivide #PolicyAndTechnology #OpenAIAccess

(Note: The character count is 1785, well within the specified range.)",5.0,7.5,1.0,6.0,True,rss,False
2026-01-21,EveryInc/compound-engineering-plugin: Official Claude Code compound engineering plugin,https://github.com/EveryInc/compound-engineering-plugin,https://opengraph.githubassets.com/1/EveryInc/compound-engineering-plugin,"The launch of the official Claude Code compound engineering plugin is reshaping how developers approach AI integration in complex systems. This tool leverages advanced techniques to streamline the creation and management of composite AI models, making it easier than ever to build sophisticated applications with minimal overhead.

Why does this matter? In a world where AI complexity can often lead to development bottlenecks, such plugins offer a crucial layer of abstraction that simplifies the integration process. By reducing the cognitive load on developers, they enable more efficient and effective deployment of cutting-edge AI solutions across various domainsâ€”from healthcare to finance.

As we continue to push the boundaries of what's possible with AI, how can tools like this plugin influence future developments in software engineering?

https://github.com/EveryInc/compound-engineering-plugin

#AIIntegration #SoftwareEngineering #CompoundEngineering #ClaudeCode #AdvancedAI",11.0,7.5,1.0,12.0,True,github,False
2026-01-21,"pytorch/executorch: On-device AI across mobile, embedded and edge for PyTorch",https://github.com/pytorch/executorch,https://opengraph.githubassets.com/1/pytorch/executorch,"On-device AI processing is becoming increasingly crucial as more applications demand real-time performance without sacrificing privacy or bandwidth. The `pytorch/executorch` project stands out by enabling efficient execution of PyTorch models directly on devices like mobile phones and IoT gadgets. This capability not only enhances user experience but also reduces the need for continuous data transmission to cloud servers, thereby improving security and reducing latency.

What truly sets ExecutorCh apart is its focus on resource-constrained environments where traditional deep learning frameworks might struggle. By optimizing model sizes and runtime performance, it opens up new possibilities for deploying complex AI models in embedded systems. Whether you're working on a smart home project or developing advanced features for mobile apps, this repository offers invaluable tools to streamline your development process.

As the demand for intelligent devices continues to grow, how will projects like ExecutorCh shape the future of edge computing and AI deployment?

#AI #MachineLearning #PyTorch #EdgeComputing #DeepLearning

ğŸ”— https://github.com/pytorch/executorch",10.17,7.5,1.0,11.17,True,github,False
2026-01-21,datawhalechina/all-in-rag: ğŸ”å¤§æ¨¡å‹åº”ç”¨å¼€å‘å®æˆ˜ä¸€ï¼šRAG æŠ€æœ¯å…¨æ ˆæŒ‡å—ï¼Œåœ¨çº¿é˜…è¯»åœ°å€ï¼šhttps://datawhalechina.github.io/all-in-rag,https://github.com/datawhalechina/all-in-rag,https://opengraph.githubassets.com/1/datawhalechina/all-in-rag,"How can we leverage Retrieval-Augmented Generation (RAG) to build more effective AI applications? The DataWhale community is diving deep into this question with their latest repository dedicated to RAG technology.

The ğšğ¥ğ¥-ğ¢ğ§-ğ«ğšğ  project offers a comprehensive guide for developers looking to integrate retrieval techniques with generative models. By combining the strengths of both approaches, RAG can significantly enhance query understanding and response accuracy in applications like chatbots and search engines.

With detailed tutorials and practical examples, this resource aims to demystify complex concepts and provide actionable insights for anyone interested in advancing their AI capabilities.

What challenges have you faced when integrating retrieval techniques into generative models? Share your experiences below!

https://github.com/datawhalechina/all-in-rag

#AI #MachineLearning #RAG #DataScience #TechCommunity",9.24,7.5,1.0,10.24,True,github,True
2026-01-21,Introducing Edu for Countries,https://openai.com/index/edu-for-countries,,"The landscape of global education is set to shift dramatically with OpenAI's latest initiative, Edu for Countries. This program aims to empower governments to harness AI technologies in modernizing their educational systems and creating workforce-ready citizens.

What makes this particularly significant is the recognition that educational infrastructure alone isn't sufficient to prepare future generations for the rapidly evolving tech landscape. By integrating advanced AI solutions, countries can tailor education to individual needs, enhance learning outcomes, and ensure students are equipped with skills relevant to emerging industries.

Edu for Countries not only addresses immediate challenges like resource allocation but also looks ahead at long-term sustainability by fostering innovation in teaching methodologies. It's a bold step toward bridging the digital divide and ensuring that every nation has the tools necessary to compete on a global scale.

As we watch this initiative unfold, it raises an important question: How can other tech companies contribute similar solutions to further democratize access to quality education worldwide?

https://openai.com/index/edu-for-countries

#AIinEducation #TechForGood #FutureOfWork #OpenAIEdu #GlobalInnovation",7.5,7.5,1.0,8.5,True,rss,False
2026-01-21,Horizon 1000: Advancing AI for primary healthcare,https://openai.com/index/horizon-1000,,"Exciting news in AI-driven healthcare! OpenAI and the Gates Foundation have launched Horizon 1000, a $50M pilot program aiming to advance AI capabilities for primary healthcare in Africa. The initiative plans to reach 1,000 clinics by 2028.

Key technical aspects of Horizon 1000 include:

- ğƒğšğ­ğš ğ€ğ ğ ğ«ğğ ğšğ­ğ¢ğ¨ğ§: Collecting and standardizing data from diverse sources across multiple countries.
- ğ€ğˆ ğŒğ¨ğğğ¥ ğƒğğ¯ğğ¥ğ¨ğ©ğ¦ğğ§ğ­: Building robust AI models tailored for primary healthcare scenarios in Africa.
- ğƒğğ©ğ¥ğ¨ğ²ğ¦ğğ§ğ­ ğˆğ§ğŸğ«ğšğ¬ğ­ğ«ğ®ğœğ­ğ®ğ«ğ: Developing scalable infrastructure to deploy AI solutions in resource-constrained settings.

Practical implications are significant. Enhanced diagnostics, better patient triage, and improved treatment recommendations can lead to more efficient care delivery and better health outcomes for millions of people. This initiative underscores the potential of technology to bridge healthcare gaps globally.

https://openai.com/index/horizon-1000

#AIHealthcare #TechForGood #OpenAIAfrica #GatesFoundation #DigitalHealth",7.5,7.5,1.0,8.5,True,rss,False
2026-01-21,Stargate Community,https://openai.com/index/stargate-community,,"The future of AI infrastructure is taking shape through community-driven initiatives like the Stargate Community plans. These ambitious projects emphasize local input and tailored solutions, ensuring that AI development aligns with regional needs and priorities.

This approach is crucial because traditional top-down strategies often miss the mark when it comes to diverse energy requirements and workforce readiness. By involving communities directly in decision-making processes, we can create more sustainable and inclusive technological advancements.

How can other tech companies incorporate community-centric models into their infrastructure projects?

https://openai.com/index/stargate-community

#AIInfrastructure #CommunityDrivenTech #SustainableDevelopment #InclusiveTechnology #FutureOfAI",7.5,7.5,1.0,8.5,True,rss,False
2026-01-21,Cisco and OpenAI redefine enterprise engineering with AI agents,https://openai.com/index/cisco,,"Just came across this article about Cisco and OpenAI's collaboration to redefine enterprise engineering with Codexâ€”an AI software agent that integrates seamlessly into workflows. This innovation is set to speed up builds, automate defect fixes, and empower developers to create more efficient, AI-native applications.

What caught my attention was how Codex can enhance developer productivity by handling repetitive tasks like code generation and debugging. Itâ€™s a significant step towards making AI more accessible for everyday engineering challenges. As enterprises increasingly rely on automation and intelligent systems, solutions like Codex are crucial for staying ahead in the tech race.

Curious to hear what you think about this development! #AIEngineering #EnterpriseTech #DeveloperTools #Codex #CiscoOpenAI

https://openai.com/index/cisco",7.0,7.5,1.0,8.0,True,rss,False
2026-01-21,ServiceNow powers actionable enterprise AI with OpenAI,https://openai.com/index/servicenow-powers-actionable-enterprise-ai-with-openai,,"ServiceNow is integrating OpenAI's advanced models to revolutionize enterprise workflows with AI-driven capabilities. This partnership aims to enhance productivity by leveraging cutting-edge technologies for summarization, search, and voice interactions across the ServiceNow Platform.

Key technical aspects:
- ğŒğ¨ğğğ¥ ğˆğ§ğ­ğğ ğ«ğšğ­ğ¢ğ¨ğ§: Seamlessly integrates OpenAIâ€™s state-of-the-art models into existing business processes.
- ğ’ğ®ğ¦ğ¦ğšğ«ğ¢ğ³ğšğ­ğ¢ğ¨ğ§ ğ„ğ§ğ ğ¢ğ§ğ: Utilizes large language models to quickly distill complex documents and reports into concise summaries.
- ğ„ğ§ğ¡ğšğ§ğœğğ ğ’ğğšğ«ğœğ¡ ğ…ğ®ğ§ğœğ­ğ¢ğ¨ğ§ğšğ¥ğ¢ğ­ğ²: Improves search accuracy by understanding context and intent, delivering more relevant results.
- ğ•ğ¨ğ¢ğœğ ğˆğ§ğ­ğğ«ğšğœğ­ğ¢ğ¨ğ§ ğ‚ğšğ©ğšğ›ğ¢ğ¥ğ¢ğ­ğ¢ğğ¬: Employs natural language processing (NLP) to enable seamless voice commands for task management and information retrieval.

Practical implications:
Business users can now benefit from AI-powered tools that simplify data analysis and streamline operations. Enhanced automation and real-time insights will drive efficiency, allowing teams to focus on high-value tasks rather than routine administrative work.

https://openai.com/index/servicenow-powers-actionable-enterprise-ai-with-openai

#AI #EnterpriseTech #ServiceNow #OpenAI #NLP",7.0,7.5,1.0,8.0,True,rss,False
